07:20:16,10:42:36,197.130.227.228,iPhone,c8cse1vyqzrl1uqbh93b18z74pb6oul00m42j0ga6yv7de004g6ezbp64x8k
08:10:29,08:56:22,15.10.20.84,iPhone,c8cse1vyqzrl1uqbh93b18z74pb6oul00m42j0ga6yv7de004g6ezbp64x8k
07:16:08,12:05:45,15.10.20.84,iPhone,c8cse1vyqzrl1uqbh93b18z74pb6oul00m42j0ga6yv7de004g6ezbp64x8k
13:42:07,15:04:28,15.10.20.84,iPhone,c8cse1vyqzrl1uqbh93b18z74pb6oul00m42j0ga6yv7de004g6ezbp64x8k
09:25:10,18:34:06,15.10.20.84,iPhone,c8cse1vyqzrl1uqbh93b18z74pb6oul00m42j0ga6yv7de004g6ezbp64x8k
14:23:20,18:14:50,33.76.201.37,iPhone,c8cse1vyqzrl1uqbh93b18z74pb6oul00m42j0ga6yv7de004g6ezbp64x8k
06:58:58,15:40:12,15.10.20.84,iPhone,c8cse1vyqzrl1uqbh93b18z74pb6oul00m42j0ga6yv7de004g6ezbp64x8k
00:27:01,09:08:39,33.76.201.37,iPhone,c8cse1vyqzrl1uqbh93b18z74pb6oul00m42j0ga6yv7de004g6ezbp64x8k
01:55:24,12:21:32,197.130.227.228,iPhone,c8cse1vyqzrl1uqbh93b18z74pb6oul00m42j0ga6yv7de004g6ezbp64x8k
02:10:24,14:24:42,33.76.201.37,iPhone,c8cse1vyqzrl1uqbh93b18z74pb6oul00m42j0ga6yv7de004g6ezbp64x8k
