05:16:30,22:08:35,96.126.233.197,iPhone,yoz847ew0cvs228ro2qo2dh7cpm1n0u3baoq6f734ip12kj87tobvg8d97kr
17:42:12,21:58:41,11.103.133.230,iPhone,yoz847ew0cvs228ro2qo2dh7cpm1n0u3baoq6f734ip12kj87tobvg8d97kr
02:25:44,16:23:26,56.88.144.123,iPhone,yoz847ew0cvs228ro2qo2dh7cpm1n0u3baoq6f734ip12kj87tobvg8d97kr
07:37:15,16:45:37,56.88.144.123,iPhone,yoz847ew0cvs228ro2qo2dh7cpm1n0u3baoq6f734ip12kj87tobvg8d97kr
07:23:54,11:54:07,96.126.233.197,iPhone,yoz847ew0cvs228ro2qo2dh7cpm1n0u3baoq6f734ip12kj87tobvg8d97kr
01:48:07,10:14:30,56.88.144.123,iPhone,yoz847ew0cvs228ro2qo2dh7cpm1n0u3baoq6f734ip12kj87tobvg8d97kr
12:32:53,16:06:43,11.103.133.230,iPhone,yoz847ew0cvs228ro2qo2dh7cpm1n0u3baoq6f734ip12kj87tobvg8d97kr
08:35:16,12:04:56,11.103.133.230,iPhone,yoz847ew0cvs228ro2qo2dh7cpm1n0u3baoq6f734ip12kj87tobvg8d97kr
15:10:23,16:18:37,96.126.233.197,iPhone,yoz847ew0cvs228ro2qo2dh7cpm1n0u3baoq6f734ip12kj87tobvg8d97kr
03:36:20,17:23:37,11.103.133.230,iPhone,yoz847ew0cvs228ro2qo2dh7cpm1n0u3baoq6f734ip12kj87tobvg8d97kr
